"tx_hab_sai,N,9,0","nom,C,229","hab_saison,N,9,0","datsortie,D","datentree,D","id_tri,C,80","hab_perm,C,80","id,N,9,0"
0,TRI DE MAYOTTE,0,01/03/-1,11/07/19,FRM_TRI_MAYOTTE,273107,319
0,Basse-Terre - Baillif,0,01/03/-1,03/11/13,FRI_TRI_BASS,17129,321
7,Vilaine de Rennes a Redon,31127,01/03/-1,01/07/14,FRG_TRI_VILAINE,430197,268
83,Territoire Ó Risque Important d'Inondation Saint Malo Baie du Mont Saint-Michel,76811,01/03/-1,12/17/19,FRG_TRI_ST_MALO_BAIE_DU_MONT_ST_MICHEL,92455,269
28,Commune d'Ajaccio,18788,01/03/-1,02/05/14,FRE_TRI_AJACCIO,65542,270
7,"AgglomÚration Bastiaise comprenant les villes de Bastia, Ville-di-Pietrabugno et Furiani.",3672,01/03/-1,03/11/13,FRE_TRI_BASTIA,51727,271
60,"AgglomÚration Bastiaise comprenant les villes de Borgo, Biguglia, et Lucciana.",11549,01/03/-1,11/28/13,FRE_TRI_MARANA,19120,272
8,Dijonnais,18476,01/03/-1,01/03/-1,FRD_TRI_DIJON,211430,273
7,CHERBOURG-OCTEVILLE,6234,01/03/-1,03/11/13,FRH_TRI_CHERBOURG_OCTEVILLE,86997,275
0,"ZONES URBANISEES DES COMMUNES DE SAINT-DENIS ET SAINTE-MARIE CONCERNEES PAR LES BASSINS VERSANTS DE LA RIVIERE DES PLUIES, DE LA RAVINE PATATE A DURAND, DE LA RAVINE DU BUTOR, DE LA RAVINE DU CHAUDRON ET DE LA RIVIERE SAINT-DENIS",1255,12/26/13,06/29/18,FRL_TRI_SAINT_DENIS_SAINTE_MARIE_SUBMAR,76548,301
23,CAHORS,7660,01/03/-1,03/11/13,FRF_TRI_CAHORS,33795,280
7,CASTRES_MAZAMET,5506,01/03/-1,03/11/13,FRF_TRI_CASTRES_MAZAMET,78191,281
23,Delta du Rh¶ne,27799,01/03/-1,01/03/-1,FRD_TRI_DELTA,117395,228
260,TRI BAIE DE L AIGUILLON - Alea submersion marine,373805,01/03/-1,01/03/-1,FRG_TRI_BAIE_DE_L_AIGUILLON,143631,295
6,Plaine de Valence,10689,01/03/-1,01/03/-1,FRD_TRI_VALENCE,154366,221
2,ZONE URBANISEE DE LA COMMUNE DE SAINT-JOSEPH CONCERNEE PAR LE BASSIN VERSANT DE LA RIVIERE DES REMPARTS,224,12/26/13,06/29/18,FRL_TRI_SAINT_JOSEPH_SUBMAR,11219,304
3,TRI le Havre,7169,01/03/-1,11/04/19,FRH_TRI_LE_HAVRE,241530,251
21,Dieppe,9520,01/03/-1,03/11/13,FRH_TRI_DIEPPE,44509,252
5,CAEN,9120,01/03/-1,03/11/13,FRH_TRI_CAEN,173852,253
288,DIVES-OUISTREHAM,78975,01/03/-1,03/11/13,FRH_TRI_DIVES_OUISTREHAM,27399,254
9,Saint Etienne,16122,01/03/-1,01/03/-1,FRD_TRI_SAINT_ETIENNE,170611,257
1,CALAIS,8717,01/03/-1,02/18/19,FRA_TRI_CALAIS,100996,258
1,DOUAI,2038,01/03/-1,02/18/19,FRA_TRI_DOUAI,182855,259
5,"ZONES URBANISEES DES COMMUNES DE SAINT PIERRE ET DU TAMPON CONCERNEES PAR LES BASSINS VERSANTS DE LA RAVINE BLANCHE, LA RIVIERE D'ABORD ET LA RAVINE DES CABRIS",5897,12/26/13,06/29/18,FRL_TRI_PLANEZE_TAMPON_SAINT_PIERRE_SUBMAR,117955,303
0,VallÚe  de Loire dans l'agglomÚration d'OrlÚans,0,01/03/-1,03/11/13,FRG_TRI_ORLEANS,0,249
0,VallÚes de YÞre et de l'Auron dans l'agglomÚration de Bourges,0,01/03/-1,03/11/13,FRG_TRI_BOURGES,0,250
6,"AgglomÚration strasbourgeoise au regard du risque de dÚbordement de la Bruche, de l'Ill et du Rhin",26448,01/03/-1,03/11/13,FRC_TRI_AGGLOMERATION_STRASBOURGEOISE,441714,324
4,Territoire Ó Risque Important (TRI) d'inondation de ChÔlons-en-Champagne,2738,01/03/-1,03/11/13,FRH_TRI_CHALONS_EN_CHAMPAGNE,71288,325
2,"ZONES URBANISEES DES COMMUNES DE SAINT-DENIS ET SAINTE-MARIE CONCERNEES PAR LES BASSINS VERSANTS DE LA RIVIERE DES PLUIES, DE LA RAVINE PATATE A DURAND, DE LA RAVINE DU BUTOR, DE LA RAVINE DU CHAUDRON ET DE LA RIVIERE SAINT-DENIS",1531,12/26/13,06/29/18,FRL_TRI_SAINT_DENIS_SAINTE_MARIE_DEB_CE,76548,309
1,ZONES URBANISEES DES COMMUNES DE SAINTE-SUZANNE ET SAINT-ANDRE CONCERNEES PAR LE BASSIN VERSANT DE LA GRANDE RIVIERE SAINT JEAN ET LA RIVIERE SAINTE-SUZANNE,581,12/26/13,06/29/18,FRL_TRI_SAINTE_SUZANNE_SAINT_ANDRE_DEB_CE,58132,310
1,ZONES URBANISEES DE LA COMMUNE DE SAINT-BENOIT CONCERNEES PAR LE BASSIN VERSANT DE LA RIVIERE DES MARSOUINS,180,12/26/13,06/29/18,FRL_TRI_SAINT_BENOIT_SUBMAR,17330,299
6,ZONES URBANISEES DES COMMUNES DE SAINTE-SUZANNE ET SAINT-ANDRE CONCERNEES PAR LE BASSIN VERSANT DE LA GRANDE RIVIERE SAINT JEAN ET LA RIVIERE SAINTE-SUZANNE,3488,12/26/13,06/19/18,FRL_TRI_SAINTE_SUZANNE_SAINT_ANDRE_SUBMAR,58132,302
6,"ZONES URBANISEES DES COMMUNES DE SAINT PIERRE ET DU TAMPON CONCERNEES PAR LES BASSINS VERSANTS DE LA RAVINE BLANCHE, LA RIVIERE D'ABORD ET LA RAVINE DES CABRIS",7077,12/26/13,06/29/18,FRL_TRI_PLANEZE_TAMPON_SAINT_PIERRE_DEB_CE,117955,311
11,ZONES URBANISEES DE LA COMMUNE DE SAINT PAUL CONCERNEES PAR LE RESEAU HYDROGRAPHIQUE DE L?ETANG SAINT-PAUL ET SALINE ERMITAGE,5640,12/26/13,06/29/18,FRL_TRI_SAINT_PAUL_SUBMAR,51275,317
11,ZONES URBANISEES DE LA COMMUNE DE SAINT PAUL CONCERNEES PAR LE RESEAU HYDROGRAPHIQUE DE L?ETANG SAINT-PAUL ET SALINE ERMITAGE,5640,12/26/13,06/29/18,FRL_TRI_SAINT_PAUL_DEB_CE,51275,318
19,ChambÚry  Aix-les-Bains,35516,01/03/-1,01/03/-1,FRD_TRI_CHAMBERY,181241,226
1,ZONES URBANIS╔ES DE LA COMMUNE DE SAINT-BENOIT CONCERN╔ES PAR LE BASSIN VERSANT DE LA RIVI╚RE DES MARSOUINS,173,12/26/13,06/29/18,FRL_TRI_SAINT_BENOIT_DEB_CE,17330,314
0,Littoral de l'agglom?ration de Saint_Nazaire et de la presqu'?le de Gu?rande,0,01/03/-1,03/11/13,FRG_TRI_ST_NAZAIRE_PRESQU_ILE_DE_GUERANDE,0,189
0,PONT_SAINT_VINCENT,0,01/03/-1,03/11/13,FRC_TRI_PONT_SAINT_VINCENT,4707,190
0,EPINAL,0,01/03/-1,03/11/13,FRC_TRI_EPINAL,52956,191
0,METZ_THIONVILLE_PONT_A_MOUSSON,0,01/03/-1,03/11/13,FRC_TRI_METZ_THIONVILLE_PONT_A_MOUSSON,377347,192
0,NANCY_DAMELEVIERES,54383,01/03/-1,03/11/13,FRC_TRI_NANCY_DAMELEVIERES,198651,193
0,SAINT_DIE_BACCARAT,0,01/03/-1,03/11/13,FRC_TRI_DIE,55443,194
0,SARREGUEMINES,0,01/03/-1,03/11/13,FRC_TRI_SARREGUEMINES,27600,195
119,SÞte,118824,01/03/-1,01/03/-1,FRD_TRI_SETE,99606,237
28,AlÞs,32888,01/03/-1,01/03/-1,FRD_TRI_ALES,117431,238
11,N¯mes,26385,01/03/-1,01/03/-1,FRD_TRI_NIMES,233981,239
135,Est Var,296233,01/03/-1,01/03/-1,FRD_TRI_EST_VAR,217824,229
118,Marseille ? Aubagne,79098,01/03/-1,01/03/-1,FRD_TRI_MARSEILLE,66493,231
4,Belfort û MontbÚliard,9281,01/03/-1,01/03/-1,FRD_TRI_BELFORT_MONTBELIARD,211552,232
14,VallÚes des affluents de l'Allier dans les agglomÚrations de Clermont Ferrand et Riom,38678,01/03/-1,01/03/-1,FRG_TRI_CLERMONT_FERRAND_RIOM,274735,234
43,Toulon HyÞres,201422,01/03/-1,01/03/-1,FRD_TRI_TOULON,464463,235
0,VallÚe de la Loire et du Cher dans l'agglomÚration de Tours,0,01/03/-1,03/11/13,FRG_TRI_TOURS,0,326
1,LENS,4303,01/03/-1,02/18/19,FRA_TRI_LENS,357205,327
0,TRI MENDE-MARVEJOLS,0,01/03/-1,03/11/13,FRF_TRI_MENDE_MARVEJOLS,0,328
8,Chalonnais,5586,01/03/-1,01/03/-1,FRD_TRI_CHALON,69202,329
1,DUNKERQUE,12550,01/03/-1,02/18/19,FRA_TRI_DUNKERQUE,177546,330
10,Aix-en-Provence-Salon-de-Provence,44279,01/03/-1,01/03/-1,FRD_TRI_AIX_SALON,410775,236
1,MAUBEUGE,1968,01/03/-1,02/18/19,FRB2_TRI_MAUBEUGE,111439,264
0,Vall?es de La Loire et de ses afluents la S?vre Nantaise et l'Erdre dans l'agglom?ration Nantaise,0,01/03/-1,03/11/13,FRG_TRI_NANTES,0,287
12,"VallÚe de la Loire dans le val d'Authion et l'agglomÚration de Saumur, et vallÚe de la Maine dans l'agglomÚration d'Angers",39846,01/03/-1,10/09/18,FRG_TRI_ANGERSAUTHIONSAUMUR,330187,288
0,Littoral du secteur de Saint_Jean_de_Monts et de l'Ile de Noirmoutier,0,01/03/-1,03/11/13,FRG_TRI_NOIRMOUTIER_ST_JEAN_DE_MONTS,0,290
7026,TRI LA ROCHELLE ILE DE RE - Alea submersion marine,133239,01/03/-1,01/03/-1,FRG_TRI_LA_ROCHELLE_ILE_DE_RE,129290,294
0,LONGWY,0,01/03/-1,03/11/13,FRB1_TRI_LONGWY,28706,196
0,VERDUN,0,01/03/-1,03/11/13,FRB1_TRI_VERDUN,24787,197
0,SEDAN GIVET,0,01/03/-1,03/11/13,FRB1_TRI_SEDAN_GIVET,144086,198
3,TRI Rouen,14275,01/03/-1,01/03/-1,FRH_TRI_ROUEN_LOUVIERS_AUSTREBERTHE,494052,199
7,VallÚe de l'Allier dans l'agglomÚration de Moulins,3053,01/03/-1,01/03/-1,FRG_TRI_MOULINS,40437,200
8,VallÚe du Cher dans l'agglomÚration de Montluþon,4785,01/03/-1,01/03/-1,FRG_TRI_MONTLUCON,53827,201
23,VallÚes de l'Allier et du Sichon dans l'agglomÚration de Vichy,14831,01/03/-1,01/03/-1,FRG_TRI_VICHY,61915,202
13,VallÚes de la Loire et de ses affluents : La Borne et le Dolaison dans l'agglomÚration du Puy en Velay,6222,01/03/-1,01/03/-1,FRG_TRI_LE_PUY_EN_VELAY,44766,203
171,Narbonne,173603,01/03/-1,01/03/-1,FRD_TRI_NARBONNE,101483,204
92,BÚziers û Agde,144070,01/03/-1,01/03/-1,FRD_TRI_BEZIERS,156014,205
18,Carcassonne,10067,01/03/-1,01/03/-1,FRD_TRI_CARCASSONNE,53974,206
4,Territoire Ó Risque Important (TRI) d'inondation de Troyes,4225,01/03/-1,03/11/13,FRH_TRI_TROYES,95990,207
11,FRF_TRI_TOULOUSE,61445,01/03/-1,05/29/19,FRF_TRI_TOULOUSE,535420,208
0,TRI DE LOURDES,0,01/03/-1,07/31/19,FRF_TRI_LOUR,0,209
3,ZONE URBANISEE DE LA COMMUNE DE SAINT-JOSEPH CONCERNEE PAR LE BASSIN VERSANT DE LA RIVIERE DES REMPARTS,337,12/26/13,06/29/18,FRL_TRI_SAINT_JOSEPH_DEB_CE,11219,312
39,Montpellier û Lunel û Mauguio û Palavas-les-Flots,224226,01/03/-1,01/03/-1,FRD_TRI_MONTPELLIER,566421,241
4,Territoire Ó Risque Important (TRI) d'inondation de Saint-Dizier,1407,01/03/-1,03/11/13,FRH_TRI_SAINT_DIZIER,33470,242
13,MÔconnais,8244,01/03/-1,01/03/-1,FRD_TRI_MACON,60678,243
0,CHAUNY-TERGNIER-LA FERE,0,01/03/-1,08/31/13,FRH_TRI_CHAU,42600,245
1,ABBEVILLE,2270,01/03/-1,02/18/19,FRA_TRI_ABBEVILLE,26289,246
1,AMIENS,8521,01/03/-1,02/18/19,FRA_TRI_AMIENS,162105,247
0,NEUFCHATEAU,0,01/03/-1,03/11/13,FRB1_TRI_NEUFCHATEAU,6881,248
1,VALENCIENNES,5627,01/03/-1,02/18/19,FRA_TRI_VALENCIENNES,257480,261
0,TRI de Nevers,0,01/03/-1,01/03/-1,FRG_TRI_NEVERS,0,265
6,AGEN,4229,01/03/-1,07/03/13,FRF_TRI_AGEN,77468,266
0,VallÚes de la Sarthe et de l'Huisne dans l'agglomÚration du Mans,0,01/03/-1,07/01/19,FRG_TRI_MANS,169000,267
2,Meaux,1443,01/03/-1,03/11/13,FRH_TRI_MEAUX,69477,213
3,TRI d'Evreux,1723,01/03/-1,01/03/-1,FRH_TRI_EVREUX,57324,214
7,Roanne,4706,01/03/-1,01/03/-1,FRG_TRI_ROANNE,63441,216
3,AgglomÚration mulhousienne au regard du risque de dÚbordement de l'Ill et de la Doller,6530,01/03/-1,01/03/13,FRC_TRI_AGGLOMERATION_MULHOUSIENNE,189727,219
258,Haute VallÚe de l'Arve,140043,01/03/-1,01/03/-1,FRD_TRI_HV_ARVE,54231,225
0,CENTRE GUADELOUPE,0,01/03/-1,03/11/13,FRI_TRI_GUAD,194821,2000062
0,TRI AgglomÚration de Fort de France ? Lamentin,0,01/03/-1,12/01/13,FRJ_TRI_LAMENTIN,0,2000063
0,RÚseau hydrographique de l'Ile de Cayenne,0,01/03/-1,01/26/17,FRK_TRI_ILE_DE_CAYENNE,106591,2000064
1,BETHUNE_ARMENTIERES,7349,01/03/-1,02/18/19,FRA_TRI_BETH,436191,2000037
1,LILLE,35071,01/03/-1,02/18/19,FRA_TRI_LILLE,1026893,2000038
13,Annemasse Cluses,29912,01/03/-1,01/03/-1,FRD_TRI_ANNEMASSE,223524,2000040
6,Grenoble û Voiron,36627,01/03/-1,01/03/-1,FRD_TRI_GRENOBLE_VOIRON,542250,2000041
7,Lyon,125447,01/03/-1,01/03/-1,FRD_TRI_LYON,1616011,2000042
260,TRI LITTORAL CHARENTAIS - Alea submersion marine,373805,01/03/-1,01/03/-1,FRFG_TRI_LITTORAL_CHARENTAIS,143631,2000043
6,AGEN,4229,01/03/-1,07/03/13,FRF_TRI_AGEN,77468,2000044
154,BASSIN_D_ARCACHON,166195,01/03/-1,07/03/13,FRF_TRI_ARCA,107794,2000045
104,COTIER_BASQUE,193002,01/03/-1,07/03/13,FRF_TRI_BASQ,185952,2000046
13,BERGERAC,8242,01/03/-1,07/03/13,FRF_TRI_BERG,62428,2000047
7,BORDEAUX,31941,01/03/-1,07/03/13,FRF_TRI_BORD,493804,2000048
56,DAX,26705,01/03/-1,07/03/13,FRF_TRI_DAX,47711,2000049
4,LIBOURNE,2309,01/03/-1,07/03/13,FRF_TRI_LIBO,62528,2000050
6,MONTAUBAN_MOISSAC,5984,01/03/-1,03/11/13,FRF_TRI_MONTAUBAN_MOISSAC,101828,2000051
6,PAU,9420,01/03/-1,07/03/13,FRF_TRI_PAU,165552,2000052
10,PERIGUEUX,7068,01/03/-1,07/03/13,FRF_TRI_PERI,74315,2000053
8,"TRI de Saintes û Cognac - AngoulÛme, dÚbordement de la Charente",13055,01/03/-1,03/11/13,FRF_TRI_SAINTES_COGNAC_ANGOULEME,153099,2000054
5,TONNEINS_MARMANDE,2084,01/03/-1,07/03/13,FRF_TRI_TONNEINS,39469,2000055
12,TULLE_BRIVE,12848,01/03/-1,03/11/13,FRF_TRI_TULLE_BRIVE,105242,2000056
113,TRI de ChÔtellerault-Poitiers,23837,01/03/-1,06/28/19,FRG_TRI_CHAT,184037,2000057
78,Territoire Ó Risque Important d'Inondation Quimper Littoral Sud FinistÞre,118839,01/03/-1,12/26/19,FRG_TRI_QUIMPER_LITTORAL_SUD_FINISTERE,152765,2000058
0,TRI de l'Auxerrois,0,01/03/-1,01/03/-1,FRH_TRI_AUXE,46333,2000059
0,COMPIEGNE,0,01/03/-1,01/03/-1,FRH_TRI_COMPIEGNE,83500,2000060
0,CREIL,0,01/03/-1,01/03/-1,FRH_TRI_CREIL,107100,2000061
11,MÚtropole francilienne,645599,01/03/-1,01/03/13,FRH_TRI_METROPOLEFRANCILIENNE,6027069,3000003
17,Albertville,6101,01/03/-1,01/03/-1,FRD_TRI_ALBERTVILLE,34814,3000004
32,Nice Cannes Mandelieu,252630,01/03/-1,01/03/-1,FRD_TRI_NICE,776371,3000005
5,Romans-sur-IsÞre û Bourg-de-PÚage,3781,01/03/-1,01/03/-1,FRD_TRI_ROMANS,65692,3000006
16,Avignon   Plaine du Tricastin  Basse VallÚe de la Durance,101046,01/03/-1,01/03/-1,FRD_TRI_AVIGNON,623003,3000007
6,Vienne,6998,01/03/-1,01/03/-1,FRD_TRI_VIENNE,106171,3000008
35,Annecy,36466,01/03/-1,01/03/-1,FRD_TRI_ANNECY,103140,3000009
10,MontÚlimar,7481,01/03/-1,01/03/-1,FRD_TRI_MONTELIMAR,68663,3000010
1,SAINT_OMER,4318,01/03/-1,02/18/19,FRA_TRI_SAINT_OMER,57158,3000012
113,Perpignan-Saint-Cyprien,373394,01/03/-1,01/03/-1,FRD_TRI_PERPIGNAN,329053,3000013
