nomcommune,id_tri
TRI DE MAYOTTE,MAYOTTE
Basse-Terre - Baillif,BASS
Vilaine de Rennes a Redon,VILAINE
Territoire Ó Risque Important d'Inondation Saint Malo Baie du Mont Saint-Michel,ST_MALO_BAIE_DU_MONT_ST_MICHEL
Commune d'Ajaccio,AJACCIO
"AgglomÚration Bastiaise comprenant les villes de Bastia, Ville-di-Pietrabugno et Furiani.",BASTIA
"AgglomÚration Bastiaise comprenant les villes de Borgo, Biguglia, et Lucciana.",MARANA
Dijonnais,DIJON
CHERBOURG-OCTEVILLE,CHERBOURG_OCTEVILLE
"ZONES URBANISEES DES COMMUNES DE SAINT-DENIS ET SAINTE-MARIE CONCERNEES PAR LES BASSINS VERSANTS DE LA RIVIERE DES PLUIES, DE LA RAVINE PATATE A DURAND, DE LA RAVINE DU BUTOR, DE LA RAVINE DU CHAUDRON ET DE LA RIVIERE SAINT-DENIS",SAINT_DENIS_SAINTE_MARIE_SUBMAR
CAHORS,CAHORS
CASTRES_MAZAMET,CASTRES_MAZAMET
Delta du Rh¶ne,DELTA
TRI BAIE DE L AIGUILLON - Alea submersion marine,BAIE_DE_L_AIGUILLON
Plaine de Valence,VALENCE
ZONE URBANISEE DE LA COMMUNE DE SAINT-JOSEPH CONCERNEE PAR LE BASSIN VERSANT DE LA RIVIERE DES REMPARTS,SAINT_JOSEPH_SUBMAR
TRI le Havre,LE_HAVRE
Dieppe,DIEPPE
CAEN,CAEN
DIVES-OUISTREHAM,DIVES_OUISTREHAM
Saint Etienne,SAINT_ETIENNE
CALAIS,CALAIS
DOUAI,DOUAI
"ZONES URBANISEES DES COMMUNES DE SAINT PIERRE ET DU TAMPON CONCERNEES PAR LES BASSINS VERSANTS DE LA RAVINE BLANCHE, LA RIVIERE D'ABORD ET LA RAVINE DES CABRIS",PLANEZE_TAMPON_SAINT_PIERRE_SUBMAR
VallÚe  de Loire dans l'agglomÚration d'OrlÚans,ORLEANS
VallÚes de YÞre et de l'Auron dans l'agglomÚration de Bourges,BOURGES
"AgglomÚration strasbourgeoise au regard du risque de dÚbordement de la Bruche, de l'Ill et du Rhin",AGGLOMERATION_STRASBOURGEOISE
Territoire Ó Risque Important (TRI) d'inondation de ChÔlons-en-Champagne,CHALONS_EN_CHAMPAGNE
"ZONES URBANISEES DES COMMUNES DE SAINT-DENIS ET SAINTE-MARIE CONCERNEES PAR LES BASSINS VERSANTS DE LA RIVIERE DES PLUIES, DE LA RAVINE PATATE A DURAND, DE LA RAVINE DU BUTOR, DE LA RAVINE DU CHAUDRON ET DE LA RIVIERE SAINT-DENIS",SAINT_DENIS_SAINTE_MARIE_DEB_CE
ZONES URBANISEES DES COMMUNES DE SAINTE-SUZANNE ET SAINT-ANDRE CONCERNEES PAR LE BASSIN VERSANT DE LA GRANDE RIVIERE SAINT JEAN ET LA RIVIERE SAINTE-SUZANNE,SAINTE_SUZANNE_SAINT_ANDRE_DEB_CE
ZONES URBANISEES DE LA COMMUNE DE SAINT-BENOIT CONCERNEES PAR LE BASSIN VERSANT DE LA RIVIERE DES MARSOUINS,SAINT_BENOIT_SUBMAR
ZONES URBANISEES DES COMMUNES DE SAINTE-SUZANNE ET SAINT-ANDRE CONCERNEES PAR LE BASSIN VERSANT DE LA GRANDE RIVIERE SAINT JEAN ET LA RIVIERE SAINTE-SUZANNE,SAINTE_SUZANNE_SAINT_ANDRE_SUBMAR
"ZONES URBANISEES DES COMMUNES DE SAINT PIERRE ET DU TAMPON CONCERNEES PAR LES BASSINS VERSANTS DE LA RAVINE BLANCHE, LA RIVIERE D'ABORD ET LA RAVINE DES CABRIS",PLANEZE_TAMPON_SAINT_PIERRE_DEB_CE
ZONES URBANISEES DE LA COMMUNE DE SAINT PAUL CONCERNEES PAR LE RESEAU HYDROGRAPHIQUE DE L?ETANG SAINT-PAUL ET SALINE ERMITAGE,SAINT_PAUL_SUBMAR
ZONES URBANISEES DE LA COMMUNE DE SAINT PAUL CONCERNEES PAR LE RESEAU HYDROGRAPHIQUE DE L?ETANG SAINT-PAUL ET SALINE ERMITAGE,SAINT_PAUL_DEB_CE
ChambÚry  Aix-les-Bains,CHAMBERY
ZONES URBANIS╔ES DE LA COMMUNE DE SAINT-BENOIT CONCERN╔ES PAR LE BASSIN VERSANT DE LA RIVI╚RE DES MARSOUINS,SAINT_BENOIT_DEB_CE
Littoral de l'agglom?ration de Saint_Nazaire et de la presqu'?le de Gu?rande,ST_NAZAIRE_PRESQU_ILE_DE_GUERANDE
PONT_SAINT_VINCENT,PONT_SAINT_VINCENT
EPINAL,EPINAL
METZ_THIONVILLE_PONT_A_MOUSSON,METZ_THIONVILLE_PONT_A_MOUSSON
NANCY_DAMELEVIERES,NANCY_DAMELEVIERES
SAINT_DIE_BACCARAT,DIE
SARREGUEMINES,SARREGUEMINES
SÞte,SETE
AlÞs,ALES
N¯mes,NIMES
Est Var,EST_VAR
Marseille ? Aubagne,MARSEILLE
Belfort û MontbÚliard,BELFORT_MONTBELIARD
VallÚes des affluents de l'Allier dans les agglomÚrations de Clermont Ferrand et Riom,CLERMONT_FERRAND_RIOM
Toulon HyÞres,TOULON
VallÚe de la Loire et du Cher dans l'agglomÚration de Tours,TOURS
LENS,LENS
TRI MENDE-MARVEJOLS,MENDE_MARVEJOLS
Chalonnais,CHALON
DUNKERQUE,DUNKERQUE
Aix-en-Provence-Salon-de-Provence,AIX_SALON
MAUBEUGE,_MAUBEUGE
Vall?es de La Loire et de ses afluents la S?vre Nantaise et l'Erdre dans l'agglom?ration Nantaise,NANTES
"VallÚe de la Loire dans le val d'Authion et l'agglomÚration de Saumur, et vallÚe de la Maine dans l'agglomÚration d'Angers",ANGERSAUTHIONSAUMUR
Littoral du secteur de Saint_Jean_de_Monts et de l'Ile de Noirmoutier,NOIRMOUTIER_ST_JEAN_DE_MONTS
TRI LA ROCHELLE ILE DE RE - Alea submersion marine,LA_ROCHELLE_ILE_DE_RE
LONGWY,_LONGWY
VERDUN,_VERDUN
SEDAN GIVET,_SEDAN_GIVET
TRI Rouen,ROUEN_LOUVIERS_AUSTREBERTHE
VallÚe de l'Allier dans l'agglomÚration de Moulins,MOULINS
VallÚe du Cher dans l'agglomÚration de Montluþon,MONTLUCON
VallÚes de l'Allier et du Sichon dans l'agglomÚration de Vichy,VICHY
VallÚes de la Loire et de ses affluents : La Borne et le Dolaison dans l'agglomÚration du Puy en Velay,LE_PUY_EN_VELAY
Narbonne,NARBONNE
BÚziers û Agde,BEZIERS
Carcassonne,CARCASSONNE
Territoire Ó Risque Important (TRI) d'inondation de Troyes,TROYES
FRF_TRI_TOULOUSE,TOULOUSE
TRI DE LOURDES,LOUR
ZONE URBANISEE DE LA COMMUNE DE SAINT-JOSEPH CONCERNEE PAR LE BASSIN VERSANT DE LA RIVIERE DES REMPARTS,SAINT_JOSEPH_DEB_CE
Montpellier û Lunel û Mauguio û Palavas-les-Flots,MONTPELLIER
Territoire Ó Risque Important (TRI) d'inondation de Saint-Dizier,SAINT_DIZIER
MÔconnais,MACON
CHAUNY-TERGNIER-LA FERE,CHAU
ABBEVILLE,ABBEVILLE
AMIENS,AMIENS
NEUFCHATEAU,_NEUFCHATEAU
VALENCIENNES,VALENCIENNES
TRI de Nevers,NEVERS
AGEN,AGEN
VallÚes de la Sarthe et de l'Huisne dans l'agglomÚration du Mans,MANS
Meaux,MEAUX
TRI d'Evreux,EVREUX
Roanne,ROANNE
AgglomÚration mulhousienne au regard du risque de dÚbordement de l'Ill et de la Doller,AGGLOMERATION_MULHOUSIENNE
Haute VallÚe de l'Arve,HV_ARVE
CENTRE GUADELOUPE,GUAD
TRI AgglomÚration de Fort de France ? Lamentin,LAMENTIN
RÚseau hydrographique de l'Ile de Cayenne,ILE_DE_CAYENNE
BETHUNE_ARMENTIERES,BETH
LILLE,LILLE
Annemasse Cluses,ANNEMASSE
Grenoble û Voiron,GRENOBLE_VOIRON
Lyon,LYON
TRI LITTORAL CHARENTAIS - Alea submersion marine,_LITTORAL_CHARENTAIS
AGEN,AGEN
BASSIN_D_ARCACHON,ARCA
COTIER_BASQUE,BASQ
BERGERAC,BERG
BORDEAUX,BORD
DAX,DAX
LIBOURNE,LIBO
MONTAUBAN_MOISSAC,MONTAUBAN_MOISSAC
PAU,PAU
PERIGUEUX,PERI
"TRI de Saintes û Cognac - AngoulÛme, dÚbordement de la Charente",SAINTES_COGNAC_ANGOULEME
TONNEINS_MARMANDE,TONNEINS
TULLE_BRIVE,TULLE_BRIVE
TRI de ChÔtellerault-Poitiers,CHAT
Territoire Ó Risque Important d'Inondation Quimper Littoral Sud FinistÞre,QUIMPER_LITTORAL_SUD_FINISTERE
TRI de l'Auxerrois,AUXE
COMPIEGNE,COMPIEGNE
CREIL,CREIL
MÚtropole francilienne,METROPOLEFRANCILIENNE
Albertville,ALBERTVILLE
Nice Cannes Mandelieu,NICE
Romans-sur-IsÞre û Bourg-de-PÚage,ROMANS
Avignon   Plaine du Tricastin  Basse VallÚe de la Durance,AVIGNON
Vienne,VIENNE
Annecy,ANNECY
MontÚlimar,MONTELIMAR
SAINT_OMER,SAINT_OMER
Perpignan-Saint-Cyprien,PERPIGNAN
